env,trial,trait,min,max,mean,std,gen_var,res_var,pev,pheno_var,H2,cv,Accr
Abuja20,19UYT36setAAB,dm,25.1,39.5,34.091803279,3.2053754373,6.8172,3.2670,1.7426926181,10.084127794,0.6760297735,5.3017805362,0.8627671588
Abuja20,19UYT36setBAB,dm,27.6,39.6,34.536111111,2.7144011118,4.4444,3.0186,1.2188316864,7.4629444444,0.5955254054,5.0306869822,0.8519145867
Ago-Owu18,17UYT36setAAG,dm,26,40,32.962616822,2.602340143,3.0174,3.8500,0.9668345568,6.8674490066,0.4393843431,5.9526267404,0.824369767
Ago-Owu18,17UYT36setBAG,dm,25,40,33.053763441,3.1840826656,3.1416,6.8496,1.5342753315,9.9911924179,0.3144357082,7.9179333434,0.7152791191
Ago-Owu19,18UYT36setAAG,dm,24,38,31.490740741,2.9968686785,4.1640,4.9458,1.2638729185,9.1097883598,0.4570930739,7.0621015523,0.8345524472
Ago-Owu19,18UYT36setBAG,dm,26,38,31.675925926,2.7979588812,4.3717,3.1989,0.9548494164,7.5706349206,0.5774539609,5.646428728,0.8840721764
Ago-Owu20,19UYT36setAAG,dm,27.9,41.5,34.864861111,2.9981299303,4.0172,4.8024,1.5727199133,8.8195726587,0.4554846719,6.2855152812,0.7800650762
Ago-Owu20,19UYT36setBAG,dm,28.5,39.6,33.951388889,2.5756165982,4.1522,2.5750,1.0707932692,6.7271230159,0.6172265202,4.7263737299,0.8614590372
Ibadan18,17UYT36setAIB,dm,30,46,38.525773196,3.2245567638,4.0386,5.0636,1.2988646963,9.1022858872,0.4436959206,5.8409030093,0.8236450326
Ibadan19,18UYT36setAIB,dm,29.7,45.9,40.690291262,3.0764926096,4.9939,3.9001,1.2838159146,8.8940015566,0.5614920572,4.8534050105,0.8619302533
Ibadan19,18UYT36setBIB,dm,30.6,45.9,40.051,2.8475931712,2.5212,4.9955,1.1057002317,7.5166582851,0.3354091218,5.5805400279,0.7492871337
Ibadan20,19UYT36setAIB,dm,26.7,43.2,33.739705882,3.5522597267,5.0699,7.7559,2.40510657,12.825770869,0.3952899183,8.254182192,0.7249899685
Ibadan20,19UYT36setBIB,dm,21.7,36,30.94,2.6226656287,2.4734,4.2785,1.2657468447,6.7519936575,0.3663279887,6.6854087594,0.6987599485
Ikenne17,16C1UYT34IK,dm,24.31,41.99,34.5604,4.2794842793,12.8100,4.2487,1.6467035139,17.058741233,0.7509349732,5.9641849832,0.9335158115
Ikenne18,17C1UYT34IK,dm,24,42,33.05,3.1570827859,7.3787,2.9463,1.0795282757,10.325053909,0.7146409992,5.1936237953,0.9239571527
Ikenne18,17UYT36setAIK,dm,23,40,32.407407407,3.3545534322,5.7193,4.8061,1.3755849111,10.525396825,0.5433820942,6.7647448285,0.87148391
Ikenne18,17UYT36setBIK,dm,28,45,37.509259259,3.7628170258,8.7262,5.1640,1.6401886826,13.89021164,0.6282258832,6.0583661746,0.9011317355
Ikenne19,18UYT36setAIK,dm,21,37,30.712962963,3.120780294,3.8460,5.7601,1.3519371843,9.6060846561,0.4003745421,7.8143259112,0.8052857709
Ikenne19,18UYT36setBIK,dm,22,42,32.87962963,2.9819318601,4.5164,4.4156,1.2047153087,8.932010582,0.5056422711,6.3909932938,0.8563047003
Ikenne20,19UYT36setAIK,dm,20.3,40,31.886111111,3.736055974,11.1997,2.9302,1.5707175287,14.129888889,0.7926257859,5.3684040436,0.9272290902
Ikenne20,19UYT36setBIK,dm,26.7,38.2,32.726388889,2.665216375,4.6802,2.5245,1.0965319392,7.2047579365,0.6496037947,4.8550231755,0.8750486976
Kano19,18UYT36setAKN,dm,18.6,40.7,31.483516484,4.7856791864,5.7644,16.4634,3.1840037229,22.227779589,0.2593340659,12.887717034,0.6690631323
Kano19,18UYT36setBKN,dm,20.1,40.7,30.550505051,3.6536359787,3.8296,8.6921,1.8197126189,12.521660298,0.3058355075,9.6503654976,0.7244485187
Mokwa17,16C1UYT34MK,dm,21.32,40.18,32.110098039,4.3723327927,11.9966,7.4884,2.3582941742,19.485014171,0.6156817771,8.5222490211,0.8963365807
Mokwa18,17C1UYT34MK,dm,20,38,28.539215686,4.082494793,8.2787,8.3764,2.2700202422,16.655080214,0.4970656963,10.141144243,0.8519383134
Mokwa18,17UYT36setAMK,dm,26,42,36.101851852,3.4122917308,6.0352,4.9386,1.4251234345,10.973809524,0.5499626335,6.1556443005,0.8739932349
Mokwa18,17UYT36setBMK,dm,27,44,36.684210526,3.2099020927,4.9949,5.2056,1.8144545706,10.200521861,0.4896731821,6.2195106233,0.7979599984
Mokwa19,18UYT36setAMK,dm,14,33.8,25.96,4.768458064,15.8156,7.7584,2.7078917299,23.573965807,0.6708924164,10.729527109,0.9103754398
Mokwa19,18UYT36setBMK,dm,22,44,34.671428571,4.6398299514,7.5859,11.9847,2.8157912528,19.570583034,0.3876191568,9.9848361816,0.792978001
Mokwa20,19UYT36setAMK,dm,19.8,38.7,30.673239437,4.4028872912,17.5987,2.2088,1.524819974,19.807456234,0.8884862773,4.84527984,0.9556965368
Mokwa20,19UYT36setBMK,dm,23.9,37.6,30.866666667,2.697521032,6.0233,1.2986,0.7371506437,7.3218730159,0.8226405768,3.6918878359,0.9368117214
Onne18,17C1UYT34ON,dm,21,43,32.81372549,4.2676085825,5.5336,12.8375,2.504873375,18.371063577,0.3012112489,10.919042643,0.739818548
Onne19,18UYT36setAON,dm,24.8,43.7,35.725,4.2706808536,11.3660,5.1888,1.7751968591,16.554812169,0.6865655041,6.3762199155,0.918593846
Onne19,18UYT36setBON,dm,25.8,43,37.168130841,3.2804357542,5.4567,4.4398,1.294917294,9.8965084144,0.5513788838,5.669047993,0.8733231664
Onne20,19UYT36setAON,dm,20.38,35.09,27.679193548,2.8871168319,3.9318,4.4296,1.7703162004,8.3613659168,0.4702348574,7.6037332369,0.7414477327
Otobi18,17C1UYT34OT,dm,28,45,37.039215686,3.2576538014,5.9456,4.3806,1.3126801024,10.326203209,0.5757811151,5.6507169135,0.8827340744
Otobi19,18UYT36setAOT,dm,29.3,46.2,40.138888889,3.0356705932,4.2454,4.8527,1.2566882848,9.0981693122,0.4666256483,5.4881721416,0.8390417032
Otobi19,18UYT36setBOT,dm,29.5,47.4,41.638888889,2.8059404509,2.2429,5.6532,1.1181641671,7.8960952441,0.2840497631,5.7101626053,0.7081394163
Ubiaja17,16C1UYT34UB,dm,23.7,49.8,37.435643564,3.7210101897,4.1369,9.4944,1.8742934991,13.631362784,0.3034852319,8.2309411985,0.7395503652
Ubiaja18,17C1UYT34UB,dm,30,47,37.12745098,3.5226890287,9.1943,3.4477,1.2619242101,12.642008318,0.7272812728,5.0011557881,0.9288429512
Ubiaja20,19UYT36setAUB,dm,25.6,39.4,32.921428571,3.0052076953,6.3519,2.7398,1.3157867278,9.0916904275,0.6986492125,5.0278210595,0.890422119
Ubiaja20,19UYT36setBUB,dm,23.7,36.7,32.208333333,2.8717050929,5.1757,3.1767,1.3253843445,8.3524285714,0.6196657944,5.5337664477,0.8625093789
Umudike17,16C1UYT34UM,dm,25.4,41.4,34.922,3.8000419987,8.9966,5.6058,1.801045098,14.602412081,0.6161070175,6.7798217942,0.8943205971
Umudike18,17C1UYT34UM,dm,27,45,37.509803922,3.9520519749,9.5561,5.8616,1.8555328625,15.417706477,0.6198165562,6.454486442,0.897679454
Umudike19,18UYT36setAUM,dm,27,44.5,35.676470588,4.4768751582,10.3098,8.6809,2.6396958145,18.990704233,0.5428887804,8.2584699271,0.8625331654
Umudike19,18UYT36setBUM,dm,26.3,44.1,36.020289855,3.5179614631,4.2007,8.1584,2.1873390183,12.359050969,0.3398882596,7.9296512428,0.6923086918
Zaria20,19UYT36setAZA,dm,28.1,40.6,34.507352941,2.7621814965,3.0552,4.4430,1.4136596085,7.4982535728,0.4074560773,6.1084171786,0.7330042861
Zaria20,19UYT36setBZA,dm,29.3,39.1,35.243283582,2.0748292285,1.1613,3.1651,0.7084248086,4.3263632641,0.2684177382,5.0479693597,0.6244663627
Abuja20,19UYT36setAAB,dyld,1.837875,13.7295,8.0248258197,3.0016108556,0.5573,5.6209,0.4818520248,6.1781660115,0.0902054618,29.54376464,0.3679510262
Abuja20,19UYT36setBAB,dyld,4.0869375,15.684875,9.6857873264,2.8704543348,3.6558,4.2482,1.4263436862,7.9039194442,0.4625249585,21.279698712,0.7809203667
Ago-Owu18,17UYT36setAAG,dyld,5.521875,19.134375,11.320648364,2.4881168702,2.3608,3.4344,0.8344808658,5.7951489036,0.4073731764,16.37011202,0.8040674537
Ago-Owu18,17UYT36setBAG,dyld,3.1,24.028125,11.209852151,3.3517772759,1.5777,8.1242,1.0832050403,9.7019133144,0.1626219567,25.426676343,0.5598633327
Ago-Owu19,18UYT36setAAG,dyld,4.621875,16.89375,8.8399305556,2.7328426893,4.3715,2.9960,0.9118023117,7.3675074043,0.5933457976,19.580513164,0.8896180105
Ago-Owu19,18UYT36setBAG,dyld,3.9,18.0625,9.3048032407,2.8167896747,1.6027,5.6520,0.8864688963,7.2547374649,0.220918369,25.550249111,0.6684997816
Ago-Owu20,19UYT36setAAG,dyld,7.4153125,20.28425,14.327915104,2.9555050635,4.4486,4.0841,1.5187887408,8.5326623858,0.5213571576,14.104739382,0.8115349862
Ago-Owu20,19UYT36setBAG,dyld,7.588875,24.087375,13.726193576,3.6251181463,4.9380,7.9903,2.3076793039,12.928307465,0.3819527453,20.593566077,0.7298420905
Ibadan18,17UYT36setAIB,dyld,2.025,24.7,14.309877577,4.4297684798,8.2470,10.0264,2.6368510231,18.273388009,0.4513131784,22.127680106,0.8247825376
Ibadan19,18UYT36setAIB,dyld,4.4533125,29.054,16.998993932,4.8952940167,10.8740,9.6290,2.8548570356,20.503021231,0.5303618394,18.254393201,0.8587553511
Ibadan19,18UYT36setBIB,dyld,2.3715,25.531,15.4842125,4.2848966244,5.3700,11.5910,2.4817968772,16.961014032,0.3166083313,21.987285918,0.7333759544
Ibadan20,19UYT36setAIB,dyld,2.0269375,13.471,8.5336663603,2.3706096742,2.0789,3.2783,0.979650871,5.3571865858,0.388057758,21.21719382,0.7271618102
Ibadan20,19UYT36setBIB,dyld,0.9315625,18.5046875,8.6870136538,3.2462217214,1.2271,5.5869,0.8975960143,6.8139839707,0.1800821657,27.209165119,0.5181783525
Ikenne17,16C1UYT34IK,dyld,3.9203125,21.068,12.673017813,3.6816672004,6.6817,7.1436,1.9895205405,13.825329304,0.4832967195,21.090083849,0.8380005834
Ikenne18,17C1UYT34IK,dyld,2.23125,17.775,8.87159375,2.7063646361,3.8270,2.5876,0.8219075795,6.4145448537,0.5966057337,18.132017826,0.8861331328
Ikenne18,17UYT36setAIK,dyld,4.025,19.90625,11.428935185,2.8446055112,3.7448,3.5269,0.9907163303,7.2716740788,0.5149861551,16.431927148,0.8575796964
Ikenne18,17UYT36setBIK,dyld,2.0925,24.75,14.905734954,3.7660893278,7.7830,6.0474,1.7884344862,13.830381703,0.5627456068,16.497980252,0.8776174062
Ikenne19,18UYT36setAIK,dyld,2.1,10.8,6.3719328704,2.1739430533,1.0008,3.5638,0.5558828501,4.5645586506,0.2192461821,29.626835247,0.6667386608
Ikenne19,18UYT36setBIK,dyld,1.8125,10.8,4.6457175926,1.7173100698,1.8886,1.0650,0.3462283078,2.9536262079,0.6394263716,22.213753101,0.9037019386
Ikenne20,19UYT36setAIK,dyld,4.09575,21.355125,13.153342014,3.6493714477,7.4580,5.7573,2.2567945842,13.215261893,0.5643440751,18.242047686,0.8351033808
Ikenne20,19UYT36setBIK,dyld,5.3325,25.83,13.83028559,4.1094739153,9.9894,6.7343,2.774493039,16.723757401,0.597320074,18.763582941,0.8498572168
Kano19,18UYT36setAKN,dyld,0.726,13.606875,5.4414072802,2.9760053542,1.3955,5.2576,0.864291436,6.6531063816,0.2097453559,42.139029474,0.6169600196
Kano19,18UYT36setBKN,dyld,0.7475,13.635,4.6194084596,2.1419481841,0.1582,2.7725,0.1378150668,2.930683555,0.0539868347,36.045137663,0.3591049616
Mokwa17,16C1UYT34MK,dyld,0.6755,15.490125,7.2917015931,2.6953202225,2.0297,3.0828,0.7470931964,5.1124737244,0.397007426,24.079232446,0.7949324445
Mokwa18,17C1UYT34MK,dyld,0.55,16.65,8.3122181373,3.5523643461,2.0230,4.8147,0.9391125809,6.837626178,0.2958591639,26.397664856,0.7319674387
Mokwa18,17UYT36setAMK,dyld,1.35625,25.715625,12.304890046,4.5982952288,5.9749,8.5451,2.0899329785,14.520002572,0.4114919728,23.756464313,0.8063575446
Mokwa18,17UYT36setBMK,dyld,4.33125,20.9,11.978256579,4.2688018846,10.2616,6.0149,2.0118201243,16.276533654,0.6304532528,20.474911847,0.8966307034
Mokwa19,18UYT36setAMK,dyld,0.5375,11.61875,5.4002321429,2.6500864414,2.5972,3.2154,0.8457472221,5.8125849059,0.4468260351,33.204969933,0.8211965103
Mokwa19,18UYT36setBMK,dyld,1.05,16.540625,7.3693154762,3.1525546464,5.8110,3.6804,1.1904646125,9.4914073415,0.6122403689,26.032714419,0.8917044449
Mokwa20,19UYT36setAMK,dyld,1.5714375,11.2771875,5.5513788732,2.127529093,0.7042,1.7190,0.4034374014,2.4232591496,0.2906118461,23.61788634,0.6535448673
Mokwa20,19UYT36setBMK,dyld,2.5455625,10.763,5.9600381944,1.7011766085,0.7696,1.2414,0.3609060723,2.0110481577,0.3826986209,18.694369225,0.7287404571
Onne18,17C1UYT34ON,dyld,3.353125,21.15,9.5161029412,3.6733526726,1.6744,11.0416,1.1710881255,12.716050819,0.1316784716,34.918636765,0.5482745337
Onne19,18UYT36setAON,dyld,1.31,12.79125,5.4303298611,1.8738056023,1.0315,2.1969,0.4520930603,3.2283585477,0.3195106869,27.294511403,0.7494737358
Onne19,18UYT36setBON,dyld,2.325,19.090625,6.9439871495,2.6088778861,1.9772,2.6576,0.6598588983,4.6347880168,0.4266011019,23.476559775,0.8162517632
Onne20,19UYT36setAON,dyld,1.17185,7.2705,3.7921264113,1.585707185,0.2056,1.5321,0.1675033625,1.7376999034,0.118314101,32.640855271,0.4304332075
Otobi18,17C1UYT34OT,dyld,3.4,18.6375,9.573192402,3.5658323566,2.3675,7.2573,1.2417409304,9.624840024,0.2459791753,28.140489176,0.6895706469
Otobi19,18UYT36setAOT,dyld,3.2413125,33.3,19.072565972,6.7479185896,11.1443,22.5354,4.7277091504,33.679661506,0.330890891,24.889903014,0.7587971289
Otobi19,18UYT36setBOT,dyld,2.140125,31.773,14.680014205,6.969776391,3.5192,14.1540,2.1525480163,17.673184216,0.1991237276,25.627936536,0.6231637257
Ubiaja17,16C1UYT34UB,dyld,4.6659375,21.4059375,12.473375619,3.6366495035,2.6665,7.3584,1.3374661175,10.024876523,0.2659850387,21.747431491,0.7059834853
Ubiaja18,17C1UYT34UB,dyld,5.25,16.65,10.181770833,2.2931386556,0.9727,4.1623,0.5862639396,5.1349323146,0.1894185895,20.037445936,0.6302792126
Ubiaja20,19UYT36setAUB,dyld,0.895125,11.7796875,5.6077033929,2.5497406386,1.9993,1.9263,0.7218140133,3.9255755582,0.5093028425,24.749897635,0.7993546509
Ubiaja20,19UYT36setBUB,dyld,1.271,10.791,4.6815651042,1.920542089,1.3471,1.7426,0.5591787305,3.0897372536,0.4360068559,28.197241226,0.7647981482
Umudike17,16C1UYT34UM,dyld,0.46,17.19375,8.4690125,3.6096395689,1.2659,5.1439,0.7546360736,6.409786461,0.1974979893,26.78009242,0.6355180992
Umudike18,17C1UYT34UM,dyld,1.8,19.25,7.9806372549,3.1061039794,0,9.6527,,9.6526940265,0,38.930205732,
Umudike19,18UYT36setAUM,dyld,3.4335,21.825,11.769702206,3.7088220984,4.5188,8.2611,1.8903314386,12.779935776,0.3535856411,24.420489138,0.762675675
Umudike19,18UYT36setBUM,dyld,4.52325,19.6261875,10.88026721,3.5019642774,2.8431,8.8143,1.8247122204,11.65740098,0.2438847691,27.286969118,0.5984879302
Zaria20,19UYT36setAZA,dyld,0.3580625,10.0725,4.5279273897,2.3103417914,0.03337,1.7686,0.0322460055,1.8019319694,0.0185181489,29.370468762,0.1834059424
Zaria20,19UYT36setBZA,dyld,1.1008125,10.64825,5.0831408582,2.1673104179,0,2.1821,,2.1821102858,0,29.060708867,
Abuja20,19UYT36setAAB,fyld,4.875,42.375,23.550204918,8.5189190469,9.0068,40.0972,6.6797663335,49.103985434,0.1834223196,26.888243552,0.5082925959
Abuja20,19UYT36setBAB,fyld,11.375,44,28.059895833,8.1291933755,31.1503,31.6084,11.215093182,62.758743635,0.4963499768,20.03620632,0.7999802399
Ago-Owu18,17UYT36setAAG,fyld,17.8125,63.125,34.506425234,7.9961938846,30.0790,30.5840,8.4629092624,60.663024996,0.4958381127,16.026809222,0.847728908
Ago-Owu18,17UYT36setBAG,fyld,10,72.8125,33.571514423,9.6155049397,10.8785,67.5886,7.5801011108,78.467142265,0.1386375654,24.488712295,0.5506387679
Ago-Owu19,18UYT36setAAG,fyld,14.6875,49.6875,27.960069444,7.8199681984,34.1818,25.7737,7.6244194973,59.955537988,0.5701192436,18.15726402,0.8814448903
Ago-Owu19,18UYT36setBAG,fyld,12.5,59.375,29.39525463,8.5353418848,15.2740,54.4456,8.4877128162,69.719561219,0.2190773976,25.101755352,0.6665601853
Ago-Owu20,19UYT36setAAG,fyld,23.3125,60.4375,41.391493056,9.4780950727,38.7858,48.8594,15.952502975,87.645203873,0.4425324853,16.887399126,0.7672698474
Ago-Owu20,19UYT36setBAG,fyld,21.4375,68.625,40.520833333,10.492074474,46.2167,63.9224,19.873964178,110.13915588,0.419621416,19.730958942,0.75497252
Ibadan18,17UYT36setAIB,fyld,5.625,65,36.774872449,11.023813477,54.3512,63.7986,16.848721309,118.14974066,0.4600192966,21.719725459,0.8306639199
Ibadan19,18UYT36setAIB,fyld,5,73,41.378004808,12.083091107,60.1547,56.2649,16.225773695,116.41966787,0.5167059385,18.127977841,0.8545560568
Ibadan19,18UYT36setBIB,fyld,4.5625,62.875,38.342821782,11.225106534,44.1104,69.0123,17.012996259,113.12266507,0.3899339646,21.666021341,0.7837783232
Ibadan20,19UYT36setAIB,fyld,7.0625,44.3125,25.322610294,6.9557135383,17.6066,30.5926,8.7060675535,48.19923621,0.3652884297,21.842372753,0.7110015151
Ibadan20,19UYT36setBIB,fyld,3.4375,56.9375,27.783076923,9.6188455442,7.8901,50.6457,6.2503244923,58.53582078,0.1347911116,25.614801872,0.4558813439
Ikenne17,16C1UYT34IK,fyld,15.625,59.375,37.018995098,10.440361295,56.0967,54.8731,15.494347572,110.96980648,0.5055134021,20.010366896,0.8507598332
Ikenne18,17C1UYT34IK,fyld,6.5625,49.375,26.84129902,7.6826343552,28.5916,23.0055,6.7860121285,51.597044796,0.5541315645,17.869493712,0.8733022009
Ikenne18,17UYT36setAIK,fyld,17.5,56.875,35.217013889,7.9687595443,36.9600,24.2373,7.6142180503,61.197334558,0.6039486147,13.979430947,0.8910599644
Ikenne18,17UYT36setBIK,fyld,6.75,61.875,39.848958333,9.7565096477,55.8685,37.3971,11.563782243,93.265565733,0.5990259848,15.346233641,0.8905154913
Ikenne19,18UYT36setAIK,fyld,6.875,37.1875,20.714699074,6.7286150579,13.2388,30.4960,5.9581446642,43.734783193,0.3027059086,26.658938511,0.7415844599
Ikenne19,18UYT36setBIK,fyld,5.625,33.75,14.16087963,5.1834849885,17.7403,9.3503,3.0992924752,27.090558974,0.6548515317,21.593434671,0.9084582779
Ikenne20,19UYT36setAIK,fyld,15.875,65.875,41.238715278,10.312867185,54.9354,51.2123,18.740673884,106.14769824,0.5175370097,17.353303627,0.8117016424
Ikenne20,19UYT36setBIK,fyld,14.8125,78.9375,42.471354167,12.935315856,89.6109,73.5096,28.290313238,163.12053879,0.5493538513,20.18719821,0.8272232402
Kano19,18UYT36setAKN,fyld,0.3125,38.4375,15.771428571,8.5796467692,2.5003,44.5311,2.1615833176,47.031409627,0.0531616903,42.31173901,0.3680486074
Kano19,18UYT36setBKN,fyld,0.3125,45,14.688095238,7.5015097401,2.5485,29.5193,2.0580909991,32.067795606,0.0794707393,36.990301614,0.438651407
Mokwa17,16C1UYT34MK,fyld,2.1875,41.5625,22.420343137,7.2877195893,17.4709,24.8042,6.179512693,42.275117119,0.4132672464,22.213670268,0.8039261541
Mokwa18,17C1UYT34MK,fyld,2.5,48.125,28.50245098,10.67875859,18.1104,51.8686,9.2142778349,69.978994707,0.2587972695,25.267958066,0.7008676415
Mokwa18,17UYT36setAMK,fyld,4.375,72.5,33.975694444,12.263075445,55.3802,54.6006,15.283899606,109.98079629,0.5035445486,21.748546106,0.8508929729
Mokwa18,17UYT36setBMK,fyld,13.125,55,32.493421053,10.765746731,63.6323,40.8629,13.289032101,104.49521565,0.6089498604,19.672927328,0.8894712873
Mokwa19,18UYT36setAMK,fyld,3.125,36.5625,20.336084906,8.1782479205,18.8259,34.0461,7.6239882582,52.872013502,0.3560651407,28.692378188,0.7713794233
Mokwa19,18UYT36setBMK,fyld,3.75,44.375,21.384345794,8.5550546224,39.6776,29.4824,8.9287616152,69.159987887,0.5737071596,25.39133323,0.8803221473
Mokwa20,19UYT36setAMK,fyld,5.4375,32.6875,17.973239437,5.9547303734,0.5263,16.0220,0.4957820333,16.548371338,0.0318060504,22.270627352,0.2409449802
Mokwa20,19UYT36setBMK,fyld,9.6875,30.25,19.296875,5.2457304696,8.0853,12.3842,3.6917029813,20.469479123,0.394993686,18.236704696,0.7371610496
Onne18,17C1UYT34ON,fyld,9.0625,58.75,28.941176471,10.078953569,11.9512,85.3385,8.5526840866,97.289678482,0.1228409575,31.919521706,0.5332574634
Onne19,18UYT36setAON,fyld,5,33.75,15.228587963,5.0028479188,10.7066,13.6793,3.478356739,24.38591432,0.4390505312,24.28688163,0.8216579579
Onne19,18UYT36setBON,fyld,6.25,46.5625,18.571845794,6.4194471392,13.8356,15.9391,4.1842038928,29.774631416,0.4646758403,21.496935332,0.835210112
Onne20,19UYT36setAON,fyld,1.5,23.125,13.048076923,5.498032865,3.2721,15.5925,2.3832534065,18.864583001,0.173451911,30.262942976,0.5211944248
Otobi18,17C1UYT34OT,fyld,10,47.8125,25.857843137,9.4653940638,19.1692,53.3472,9.605891465,72.516386968,0.2643427993,28.246427484,0.7063206698
Otobi19,18UYT36setAOT,fyld,11.0625,83.25,47.492476852,16.491706881,64.0772,138.98,28.239755949,203.05384103,0.3155673908,24.822534977,0.7478537454
Otobi19,18UYT36setBOT,fyld,4.875,77.875,35.22790404,16.503633628,24.1002,81.7028,13.778192772,105.80292781,0.2277836092,25.658516669,0.6544423998
Ubiaja17,16C1UYT34UB,fyld,14.6875,56.25,33.213848039,8.8864425446,20.5925,38.9757,8.4238541013,59.568210327,0.3456963178,18.796533541,0.7687173257
Ubiaja18,17C1UYT34UB,fyld,13.75,45,27.59497549,6.4536423488,17.2872,23.2964,5.7563639935,40.583603935,0.4259649751,17.490993915,0.8167102965
Ubiaja20,19UYT36setAUB,fyld,2.625,33.25,16.869010417,7.0609190114,13.7487,16.3249,5.4653162023,30.073619215,0.4571680595,23.951677684,0.7761989571
Ubiaja20,19UYT36setBUB,fyld,3.875,33,14.581597222,5.8790407786,15.1956,14.3568,5.2426328792,29.552402152,0.5141922322,25.985048008,0.8093147878
Umudike17,16C1UYT34UM,fyld,1.25,43.75,24.241955446,9.923766703,11.8236,34.8419,6.1037920755,46.665569731,0.2533694064,24.349134475,0.6955308554
Umudike18,17C1UYT34UM,fyld,5.625,43.75,21.274509804,8.0068869106,2.9799,61.1701,2.6159824377,64.149989047,0.0464513771,36.762933008,0.3494437388
Umudike19,18UYT36setAUM,fyld,10.5,54.5625,33.001838235,9.5593486196,26.4764,57.5356,12.145260147,84.011948635,0.3151500584,22.984237966,0.7357168374
Umudike19,18UYT36setBUM,fyld,13.3125,58.9375,30.307971014,9.7131262032,33.3365,55.9371,16.614330136,89.273559177,0.3734194735,24.677036773,0.7082494087
Zaria20,19UYT36setAZA,fyld,1.0625,26.375,13.014705882,6.4220091263,0.6048,13.5903,0.5590070639,14.195090879,0.0426045557,28.325684201,0.2750971665
Zaria20,19UYT36setBZA,fyld,3.5625,28.5,14.36380597,5.9207991334,2.1788,14.2806,1.7250407978,16.459440304,0.1323734017,26.309005416,0.4563531447
Abuja20,19UYT36setAAB,tyld,3,28.3125,14.336065574,6.1595979045,10.2880,26.2898,6.4504717843,36.57782289,0.2812634626,35.765459503,0.6107458078
Abuja20,19UYT36setBAB,tyld,4.3125,43.125,14.5703125,6.3441234583,12.5536,25.5813,6.5703118397,38.134925257,0.3291889687,34.713042592,0.6903761094
Ago-Owu18,17UYT36setAAG,tyld,19.0625,50,33.78796729,6.1593829245,20.5799,19.1425,5.4560316355,39.722355788,0.5180936126,12.949016217,0.8572545715
Ago-Owu18,17UYT36setBAG,tyld,6.25,78.125,33.079927885,11.144361278,9.3159,95.0293,7.3500483486,104.34528732,0.0892799678,29.468926137,0.4593743975
Ago-Owu19,18UYT36setAAG,tyld,15.625,59.0625,34.048032407,9.1647355559,9.3652,75.8314,6.9037331767,85.196630084,0.1099243326,25.576001753,0.512669334
Ago-Owu19,18UYT36setBAG,tyld,11.25,57.8125,30.321180556,8.3300485762,37.2536,31.6717,9.0323875991,68.925342055,0.5404926034,18.560497448,0.8703697332
Ago-Owu20,19UYT36setAAG,tyld,14.625,62.9375,34.275528169,10.328583656,70.1243,42.2036,18.528470962,112.32784362,0.6242822837,18.95354244,0.857774258
Ago-Owu20,19UYT36setBAG,tyld,14.6875,71.6875,34.067307692,11.033990163,29.8930,89.5525,19.337919819,119.44553512,0.250264789,27.778008155,0.5942185049
Ibadan18,17UYT36setAIB,tyld,10,46.875,24.969387755,8.8843344484,33.8248,39.6343,10.473775816,73.459089911,0.4604580499,25.213172014,0.8308745039
Ibadan19,18UYT36setAIB,tyld,6.25,37.625,23.489783654,6.4134401136,15.0329,17.3672,4.6497026123,32.400094419,0.4639783585,17.741293607,0.8310830913
Ibadan19,18UYT36setBIB,tyld,8.625,37.3125,21.369485294,5.7944372472,9.1988,20.1021,4.229247401,29.300909043,0.3139440181,20.981003827,0.735011212
Ibadan20,19UYT36setAIB,tyld,11.125,38.5625,21.676470588,6.2330080696,11.4147,27.6093,6.5498198861,39.023968796,0.2925042885,24.240359305,0.6528347484
Ibadan20,19UYT36setBIB,tyld,4,49.3125,22.020192308,8.9629643502,28.8081,27.6110,10.966688252,56.419137459,0.5106094459,23.862717785,0.7869687848
Ikenne17,16C1UYT34IK,tyld,11.875,46.875,27.990196078,7.5093420834,20.0766,37.6275,8.2560043523,57.704147414,0.3479232386,21.915275524,0.7673167916
Ikenne18,17C1UYT34IK,tyld,4.375,31.25,15.193014706,5.1830740016,8.6055,14.1894,3.2447524825,22.7948218,0.3775181054,24.793480924,0.7892670632
Ikenne18,17UYT36setAIK,tyld,8.4375,42.8125,22.537615741,6.3793160429,22.2041,17.1655,5.1319872599,39.36968494,0.5639909139,18.383185497,0.8768537806
Ikenne18,17UYT36setBIK,tyld,11.875,43.75,24.472222222,6.8574240785,25.2368,22.4106,6.3589783823,47.647434641,0.5296568217,19.344333844,0.8648857936
Ikenne19,18UYT36setAIK,tyld,6.875,31.5625,17.039930556,5.4388087796,16.6595,12.0237,3.6037016675,28.683216559,0.5808094955,20.349410074,0.8852596702
Ikenne19,18UYT36setBIK,tyld,8.4375,35.625,19.548611111,5.7889738019,15.2912,18.7423,4.7750695833,34.033516934,0.4492986961,22.146013505,0.8292916502
Ikenne20,19UYT36setAIK,tyld,25.3125,81.75,47.624131944,13.202839658,46.9077,124.79,27.52829781,171.6999543,0.2731959292,23.456688069,0.642759207
Ikenne20,19UYT36setBIK,tyld,14.0625,72.875,46.604166667,12.034858042,80.8289,51.7174,21.679088261,132.54629277,0.6098161824,15.430985839,0.8554474257
Kano19,18UYT36setAKN,tyld,4.375,45.625,21.789285714,9.0047157164,10.8300,53.5693,6.9601697406,64.399219341,0.1681690445,33.590374571,0.5977644918
Kano19,18UYT36setBKN,tyld,1.875,46.25,18.660952381,8.4530061746,5.2045,25.1168,3.328982652,30.321315479,0.1716460534,26.856424183,0.6003072168
Mokwa17,16C1UYT34MK,tyld,3.125,41.875,25.18627451,9.5577686816,32.6646,33.3067,9.4117076922,65.971356167,0.4951335463,22.914059197,0.8437230284
Mokwa18,17C1UYT34MK,tyld,6.25,56,27.746323529,11.143992519,45.9886,47.3343,12.979306874,93.322905959,0.4927903128,24.79604699,0.8472138801
Mokwa18,17UYT36setAMK,tyld,6.25,65.625,35.122106481,10.910446797,27.9889,65.9921,12.974516612,93.9809493,0.2978145485,23.129448208,0.7324210121
Mokwa18,17UYT36setBMK,tyld,15.625,75,36.933510638,11.422758099,77.6547,49.4657,16.288561137,127.12037878,0.6108749849,19.042833659,0.8889564718
Mokwa19,18UYT36setAMK,tyld,3.125,65.625,27.126768868,10.260753859,9.4971,59.4128,6.5801436776,68.909908508,0.137818764,28.414633127,0.5542023264
Mokwa19,18UYT36setBMK,tyld,6.25,61.25,26.960864486,10.244625559,10.3470,69.9668,7.3006020758,80.313759155,0.1288321103,31.025021645,0.5426073123
Mokwa20,19UYT36setAMK,tyld,4.4375,36.6875,19.122359155,6.8396855724,3.2495,33.6040,2.7528857283,36.853486235,0.0881743906,30.31473042,0.3909433292
Mokwa20,19UYT36setBMK,tyld,3.9375,43.5625,19.697916667,8.1981337515,1.9190,31.7879,1.7216431539,33.706911936,0.0569320722,28.622705038,0.3206955243
Onne18,17C1UYT34ON,tyld,4.0625,33.125,14.914215686,5.8427260352,0,34.4995,,34.499512243,0,39.382751765,
Onne19,18UYT36setAON,tyld,1.25,19.375,9.9913194444,3.4343013828,2.5457,7.8072,1.3383233535,10.35292967,0.245896495,27.965608081,0.6886878457
Onne19,18UYT36setBON,tyld,5.625,31.25,13.300233645,4.6971554586,8.5471,7.0519,2.0660721905,15.59903268,0.5479254799,19.966161453,0.8707883505
Onne20,19UYT36setAON,tyld,1.375,24,9.8307692308,4.5469786698,7.6321,8.9685,3.133077612,16.600609102,0.4597488596,30.462977961,0.7677808418
Otobi18,17C1UYT34OT,tyld,5,36.25,16.136642157,6.9648146071,12.8785,26.3727,5.5100193878,39.251293246,0.3281049815,31.824715325,0.7564093644
Otobi19,18UYT36setAOT,tyld,6.4375,50.6875,25.285300926,9.5714589589,33.1198,32.1289,8.9317855201,65.248780184,0.5075931119,22.417136258,0.8545871006
Otobi19,18UYT36setBOT,tyld,2.6875,39.6875,17.837121212,9.3054727038,11.7355,35.8031,6.4149143314,47.538604134,0.2468616162,33.545621325,0.6733299835
Ubiaja17,16C1UYT34UB,tyld,5.9375,38.75,18.134191176,7.8183092118,2.4133,45.7290,2.0970393196,48.142251081,0.0501278885,37.290445803,0.3619917578
Ubiaja18,17C1UYT34UB,tyld,3.125,26.5625,13.069852941,4.9764318779,14.5203,10.7570,3.2489157764,25.277313176,0.5744416162,25.094256281,0.8810509174
Ubiaja20,19UYT36setAUB,tyld,1.625,22.375,9.6484375,4.471107825,9.2512,6.2579,2.5958283227,15.509074954,0.5965034656,25.927214697,0.8481785347
Ubiaja20,19UYT36setBUB,tyld,3.0625,20.5,8.4210069444,3.4251618051,7.8653,3.8069,1.7422690592,11.672238553,0.6738478125,23.169848805,0.8823190953
Umudike17,16C1UYT34UM,tyld,2.5,31.25,12.03279703,6.5989499287,16.2252,10.5026,3.3358147253,26.727818066,0.6070538957,26.932809291,0.8912943707
Umudike18,17C1UYT34UM,tyld,2.5,22.1875,10.009191176,4.9616521168,11.1265,13.7775,3.5305151427,24.904033157,0.4467754697,37.084000043,0.8262526394
Umudike19,18UYT36setAUM,tyld,4.375,50.625,15.976348039,6.9168711241,19.2466,22.9042,6.250491965,42.150818238,0.4566122521,29.955764857,0.8217307479
Umudike19,18UYT36setBUM,tyld,5,35.9375,15.817028986,5.4047709091,10.9730,16.6344,5.2044651678,27.607354835,0.3974664739,25.785650776,0.7250534677
Zaria20,19UYT36setAZA,tyld,0.875,24.5625,12.289522059,5.1391766113,3.3335,9.4438,2.0441906545,12.777324706,0.2608949343,25.005645027,0.6219169498
Zaria20,19UYT36setBZA,tyld,1.9375,30.125,12.888992537,4.4589194544,1.6206,9.1221,1.2415567608,10.742670782,0.1508581396,23.432967304,0.4836319044
